[{"production_company": "Warner Bros.", "count":319},{"production_company": "Universal Pictures", "count":311},{"production_company": "Paramount Pictures", "count":285},{"production_company": "Twentieth Century Fox Film Corporation", "count":222},{"production_company": "Columbia Pictures", "count":201},{"production_company": "New Line Cinema", "count":165},{"production_company": "Metro-Goldwyn-Mayer (MGM)", "count":122},{"production_company": "Touchstone Pictures", "count":118},{"production_company": "Walt Disney Pictures", "count":114},{"production_company": "Relativity Media", "count":102}]
