[{"genre": "History", "radio": 0.016204655},{"genre": "Science Fiction", "radio": 0.044007566},{"genre": "Family", "radio": 0.042115655},{"genre": "Thriller", "radio": 0.10479559},{"genre": "Western", "radio": 0.006745085},{"genre": "Fantasy", "radio": 0.03479477},{"genre": "Romance", "radio": 0.07353788},{"genre": "Documentary", "radio": 0.009048285},{"genre": "Mystery", "radio": 0.028625483},{"genre": "Drama", "radio": 0.18894464},{"genre": "Music", "radio": 0.015217571},{"genre": "Foreign", "radio": 0.0027967426},{"genre": "Action", "radio": 0.09492473},{"genre": "TV Movie", "radio": 6.580571E-4},{"genre": "Crime", "radio": 0.057250965},{"genre": "Comedy", "radio": 0.14164679},{"genre": "Animation", "radio": 0.019248169},{"genre": "War", "radio": 0.011845027},{"genre": "Adventure", "radio": 0.06490088},{"genre": "Horror", "radio": 0.042691454}]