[{"keyword": "woman director", "count":324},{"keyword": "independent film", "count":318},{"keyword": "duringcreditsstinger", "count":307},{"keyword": "based on novel", "count":197},{"keyword": "murder", "count":189},{"keyword": "aftercreditsstinger", "count":170},{"keyword": "violence", "count":150},{"keyword": "dystopia", "count":139},{"keyword": "sport", "count":126},{"keyword": "revenge", "count":118},{"keyword": "sex", "count":111},{"keyword": "friendship", "count":106},{"keyword": "musical", "count":105},{"keyword": "biography", "count":105},{"keyword": "teenager", "count":99},{"keyword": "3d", "count":98},{"keyword": "love", "count":95},{"keyword": "sequel", "count":94},{"keyword": "suspense", "count":92},{"keyword": "new york", "count":89},{"keyword": "police", "count":84},{"keyword": "los angeles", "count":81},{"keyword": "high school", "count":80},{"keyword": "alien", "count":76},{"keyword": "prison", "count":72},{"keyword": "nudity", "count":71},{"keyword": "superhero", "count":69},{"keyword": "drug", "count":69},{"keyword": "london england", "count":69},{"keyword": "family", "count":69},{"keyword": "dying and death", "count":66},{"keyword": "father son relationship", "count":65},{"keyword": "daughter", "count":61},{"keyword": "world war ii", "count":58},{"keyword": "wedding", "count":57},{"keyword": "kidnapping", "count":57},{"keyword": "serial killer", "count":56},{"keyword": "suicide", "count":56},{"keyword": "remake", "count":56},{"keyword": "magic", "count":55},{"keyword": "friends", "count":54},{"keyword": "corruption", "count":53},{"keyword": "based on comic book", "count":52},{"keyword": "hospital", "count":52},{"keyword": "escape", "count":52},{"keyword": "party", "count":52},{"keyword": "based on true story", "count":51},{"keyword": "time travel", "count":51},{"keyword": "martial arts", "count":51},{"keyword": "airplane", "count":50},{"keyword": "investigation", "count":50},{"keyword": "female nudity", "count":49},{"keyword": "survival", "count":49},{"keyword": "fbi", "count":49},{"keyword": "brother brother relationship", "count":49},{"keyword": "money", "count":48},{"keyword": "blood", "count":48},{"keyword": "future", "count":47},{"keyword": "fight", "count":47},{"keyword": "gay", "count":46},{"keyword": "music", "count":46},{"keyword": "secret", "count":46},{"keyword": "best friend", "count":46},{"keyword": "cia", "count":46},{"keyword": "love of one's life", "count":45},{"keyword": "zombie", "count":45},{"keyword": "lawyer", "count":45},{"keyword": "paris", "count":45},{"keyword": "war", "count":44},{"keyword": "small town", "count":44},{"keyword": "undercover", "count":44},{"keyword": "flashback", "count":44},{"keyword": "based on young adult novel", "count":43},{"keyword": "explosion", "count":43},{"keyword": "new love", "count":43},{"keyword": "rescue", "count":42},{"keyword": "conspiracy", "count":42},{"keyword": "jealousy", "count":42},{"keyword": "assassin", "count":42},{"keyword": "wife husband relationship", "count":42},{"keyword": "death", "count":42},{"keyword": "witch", "count":42},{"keyword": "rape", "count":42},{"keyword": "vampire", "count":42},{"keyword": "prostitute", "count":41},{"keyword": "shootout", "count":41},{"keyword": "divorce", "count":41},{"keyword": "journalist", "count":41},{"keyword": "obsession", "count":40},{"keyword": "monster", "count":40},{"keyword": "teacher", "count":40},{"keyword": "robbery", "count":40},{"keyword": "spy", "count":40},{"keyword": "england", "count":39},{"keyword": "dog", "count":39},{"keyword": "gore", "count":39},{"keyword": "soldier", "count":39},{"keyword": "new york city", "count":39},{"keyword": "hotel", "count":39},{"keyword": "detective", "count":39}]